County_FIPS,Unemployment_Rate,,,,,
1001,4.9,,,,,
1003,5.2,,,,,
1005,9.6,,,,,
1007,6,,,,,
1009,4.9,,,,,
1011,9.5,,,,,
1013,7.2,,,,,
1015,6.7,,,,,
1017,5.6,,,,,
1019,4.7,,,,,
1021,5.4,,,,,
1023,7.3,,,,,
1025,10.5,,,,,
1027,6.3,,,,,
1029,5.3,,,,,
1031,5.5,,,,,
1033,7.3,,,,,
1035,9.6,,,,,
1037,7.4,,,,,
1039,6.7,,,,,
1041,5.6,,,,,
1043,5,,,,,
1045,6,,,,,
1047,10.2,,,,,
1049,5.7,,,,,
1051,4.8,,,,,
1053,7.1,,,,,
1055,5.7,,,,,
1057,6.1,,,,,
1059,6.5,,,,,
1061,5.5,,,,,
1063,11.4,,,,,
1065,7.7,,,,,
1067,6.2,,,,,
1069,5.9,,,,,
1071,6.1,,,,,
1073,5.4,,,,,
1075,6.1,,,,,
1077,6.4,,,,,
1079,7.2,,,,,
1081,4.5,,,,,
1083,5,,,,,
1085,12,,,,,
1087,7.7,,,,,
1089,5.2,,,,,
1091,6.7,,,,,
1093,7,,,,,
1095,5.7,,,,,
1097,6.7,,,,,
1099,10.1,,,,,
1101,5.9,,,,,
1103,5.5,,,,,
1105,10.3,,,,,
1107,6.5,,,,,
1109,6.6,,,,,
1111,5.9,,,,,
1113,5.6,,,,,
1115,4.8,,,,,
1117,3.8,,,,,
1119,7.3,,,,,
1121,6.3,,,,,
1123,6.2,,,,,
1125,4.8,,,,,
1127,6.5,,,,,
1129,7.8,,,,,
1131,14.6,,,,,
1133,7.5,,,,,
2013,5.6,,,,,
2016,5.7,,,,,
2020,4.8,,,,,
2050,13.6,,,,,
2060,13.1,,,,,
2068,19.6,,,,,
2070,10.3,,,,,
2090,5.6,,,,,
2100,11.7,,,,,
2105,16.5,,,,,
2110,5,,,,,
2122,7.6,,,,,
2130,7.9,,,,,
2150,5.7,,,,,
2164,14.2,,,,,
2170,7.4,,,,,
2180,9.9,,,,,
2185,5.6,,,,,
2188,13.3,,,,,
2195,10,,,,,
2198,12.3,,,,,
2220,5.3,,,,,
2230,19.4,,,,,
2240,11.9,,,,,
2261,10.3,,,,,
2270,19.7,,,,,
2275,9.3,,,,,
2282,9,,,,,
2290,16.9,,,,,
4001,14.2,,,,,
4003,7.7,,,,,
4005,6.7,,,,,
4007,7.9,,,,,
4009,7.3,,,,,
4011,7.9,,,,,
4012,7.3,,,,,
4013,5.5,,,,,
4015,8.2,,,,,
4017,10,,,,,
4019,5.9,,,,,
4021,6.6,,,,,
4023,12.2,,,,,
4025,5.8,,,,,
4027,20.3,,,,,
5001,4.8,,,,,
5003,8,,,,,
5005,5.9,,,,,
5007,4,,,,,
5009,5.4,,,,,
5011,6.8,,,,,
5013,5.7,,,,,
5015,4.7,,,,,
5017,9.2,,,,,
5019,5.6,,,,,
5021,7.1,,,,,
5023,6.9,,,,,
5025,6,,,,,
5027,6.3,,,,,
5029,6,,,,,
5031,4.7,,,,,
5033,5.4,,,,,
5035,6.7,,,,,
5037,6.1,,,,,
5039,8.2,,,,,
5041,7.4,,,,,
5043,7.4,,,,,
5045,4.9,,,,,
5047,4.8,,,,,
5049,5,,,,,
5051,5.9,,,,,
5053,4.8,,,,,
5055,5.7,,,,,
5057,6.3,,,,,
5059,5.1,,,,,
5061,7.7,,,,,
5063,6.8,,,,,
5065,6.9,,,,,
5067,8.3,,,,,
5069,7.4,,,,,
5071,5.7,,,,,
5073,6.9,,,,,
5075,6.1,,,,,
5077,6.7,,,,,
5079,6.3,,,,,
5081,6.5,,,,,
5083,5.2,,,,,
5085,4.5,,,,,
5087,4,,,,,
5089,5.4,,,,,
5091,5.2,,,,,
5093,7.6,,,,,
5095,6.4,,,,,
5097,7.1,,,,,
5099,5.5,,,,,
5101,5.5,,,,,
5103,6.7,,,,,
5105,6.8,,,,,
5107,8,,,,,
5109,7.4,,,,,
5111,5.7,,,,,
5113,5.6,,,,,
5115,5.5,,,,,
5117,5.5,,,,,
5119,4.9,,,,,
5121,6.8,,,,,
5123,7.5,,,,,
5125,4.4,,,,,
5127,4.2,,,,,
5129,5.8,,,,,
5131,5,,,,,
5133,6.8,,,,,
5135,7.5,,,,,
5137,6.6,,,,,
5139,6.8,,,,,
5141,6.9,,,,,
5143,3.7,,,,,
5145,6.3,,,,,
5147,6.9,,,,,
5149,4.8,,,,,
6001,5.5,,,,,
6003,8.2,,,,,
6005,7.6,,,,,
6007,7.9,,,,,
6009,7.4,,,,,
6011,16.6,,,,,
6013,5.7,,,,,
6015,9.6,,,,,
6017,6.5,,,,,
6019,11.3,,,,,
6021,8.9,,,,,
6023,6.3,,,,,
6025,22.7,,,,,
6027,6.7,,,,,
6029,9.4,,,,,
6031,11.4,,,,,
6033,8.6,,,,,
6035,8.4,,,,,
6037,7.7,,,,,
6039,11.4,,,,,
6041,4.1,,,,,
6043,8.8,,,,,
6045,6.6,,,,,
6047,11.9,,,,,
6049,9.7,,,,,
6051,7.7,,,,,
6053,8.5,,,,,
6055,5.7,,,,,
6057,6.2,,,,,
6059,5.2,,,,,
6061,5.9,,,,,
6063,10.8,,,,,
6065,7.7,,,,,
6067,6.8,,,,,
6069,8.5,,,,,
6071,7.4,,,,,
6073,6,,,,,
6075,4.1,,,,,
6077,10.1,,,,,
6079,5.4,,,,,
6081,3.9,,,,,
6083,5.9,,,,,
6085,4.8,,,,,
6087,8.2,,,,,
6089,8.6,,,,,
6091,8.1,,,,,
6093,10.5,,,,,
6095,6.9,,,,,
6097,5.3,,,,,
6099,10.6,,,,,
6101,11.9,,,,,
6103,8.5,,,,,
6105,9.2,,,,,
6107,12.4,,,,,
6109,7.8,,,,,
6111,6.6,,,,,
6113,7.4,,,,,
6115,10.2,,,,,
8001,4.7,,,,,
8003,5.5,,,,,
8005,4.1,,,,,
8007,4.6,,,,,
8009,2.3,,,,,
8011,4.3,,,,,
8013,3.4,,,,,
8014,3.6,,,,,
8015,3.9,,,,,
8017,2.2,,,,,
8019,3.7,,,,,
8021,5.8,,,,,
8023,7.2,,,,,
8025,4.8,,,,,
8027,3.5,,,,,
8029,5.4,,,,,
8031,4,,,,,
8033,2.5,,,,,
8035,3.4,,,,,
8037,4.5,,,,,
8039,3.4,,,,,
8041,5,,,,,
8043,6.7,,,,,
8045,4.2,,,,,
8047,3.5,,,,,
8049,3.5,,,,,
8051,3.7,,,,,
8053,3,,,,,
8055,7.8,,,,,
8057,2.4,,,,,
8059,3.7,,,,,
8061,2.7,,,,,
8063,2.5,,,,,
8065,4,,,,,
8067,3.5,,,,,
8069,3.5,,,,,
8071,5.9,,,,,
8073,3.7,,,,,
8075,3.1,,,,,
8077,4.8,,,,,
8079,3.5,,,,,
8081,4.4,,,,,
8083,5.3,,,,,
8085,5.3,,,,,
8087,3.5,,,,,
8089,6.2,,,,,
8091,5,,,,,
8093,3.7,,,,,
8095,2.6,,,,,
8097,6.2,,,,,
8099,3.8,,,,,
8101,5.9,,,,,
8103,4.9,,,,,
8105,7,,,,,
8107,3.9,,,,,
8109,6.3,,,,,
8111,5.9,,,,,
8113,7.6,,,,,
8115,3.7,,,,,
8117,2.9,,,,,
8119,4.8,,,,,
8121,2.6,,,,,
8123,3.6,,,,,
8125,2.6,,,,,
9001,5.6,,,,,
9003,6.2,,,,,
9005,5.2,,,,,
9007,5,,,,,
9009,6.6,,,,,
9011,6.3,,,,,
9013,5.1,,,,,
9015,6.7,,,,,
10001,5,,,,,
10003,4.5,,,,,
10005,5.3,,,,,
11001,7.6,,,,,
12001,4.8,,,,,
12003,5.8,,,,,
12005,6.2,,,,,
12007,5.1,,,,,
12009,6.4,,,,,
12011,5.4,,,,,
12013,6.3,,,,,
12015,6.3,,,,,
12017,7.8,,,,,
12019,5.4,,,,,
12021,5.5,,,,,
12023,5.9,,,,,
12027,7.2,,,,,
12029,6.8,,,,,
12031,6.2,,,,,
12033,5.9,,,,,
12035,6.9,,,,,
12037,5.3,,,,,
12039,7.3,,,,,
12041,6,,,,,
12043,6.8,,,,,
12045,5.6,,,,,
12047,6.8,,,,,
12049,7.7,,,,,
12051,10,,,,,
12053,7.3,,,,,
12055,7.8,,,,,
12057,5.5,,,,,
12059,6.6,,,,,
12061,6.8,,,,,
12063,6,,,,,
12065,6.2,,,,,
12067,5.3,,,,,
12069,5.9,,,,,
12071,5.4,,,,,
12073,5.2,,,,,
12075,6.3,,,,,
12077,5.8,,,,,
12079,7.2,,,,,
12081,5.3,,,,,
12083,6.8,,,,,
12085,5.7,,,,,
12086,6.1,,,,,
12087,3.9,,,,,
12089,5.4,,,,,
12091,5,,,,,
12093,6.8,,,,,
12095,5.4,,,,,
12097,6.2,,,,,
12099,5.2,,,,,
12101,6.3,,,,,
12103,5.4,,,,,
12105,6.7,,,,,
12107,8.1,,,,,
12109,4.3,,,,,
12111,6.8,,,,,
12113,4.9,,,,,
12115,5.4,,,,,
12117,5.2,,,,,
12119,7.4,,,,,
12121,5.8,,,,,
12123,7.1,,,,,
12125,5.8,,,,,
12127,6.2,,,,,
12129,4.9,,,,,
12131,5.1,,,,,
12133,6.6,,,,,
13001,7.7,,,,,
13003,6.3,,,,,
13005,5.8,,,,,
13007,7.7,,,,,
13009,8.1,,,,,
13011,5.9,,,,,
13013,5.6,,,,,
13015,6.2,,,,,
13017,9.6,,,,,
13019,7.8,,,,,
13021,7.2,,,,,
13023,9.9,,,,,
13025,8.1,,,,,
13027,6.5,,,,,
13029,5.7,,,,,
13031,6.4,,,,,
13033,8.7,,,,,
13035,6.6,,,,,
13037,6,,,,,
13039,6.1,,,,,
13043,6.4,,,,,
13045,6.9,,,,,
13047,5.5,,,,,
13049,6.9,,,,,
13051,6.3,,,,,
13053,9.2,,,,,
13055,6.5,,,,,
13057,5,,,,,
13059,6.1,,,,,
13061,10.5,,,,,
13063,8.4,,,,,
13065,8,,,,,
13067,5.5,,,,,
13069,7.4,,,,,
13071,7.3,,,,,
13073,5.3,,,,,
13075,7.7,,,,,
13077,5.5,,,,,
13079,6.7,,,,,
13081,8.3,,,,,
13083,5.8,,,,,
13085,5.2,,,,,
13087,7.3,,,,,
13089,6.5,,,,,
13091,9.6,,,,,
13093,8.7,,,,,
13095,8.4,,,,,
13097,6.7,,,,,
13099,8.7,,,,,
13101,5,,,,,
13103,5.4,,,,,
13105,8.2,,,,,
13107,9.7,,,,,
13109,5.8,,,,,
13111,6.9,,,,,
13113,5.6,,,,,
13115,6.9,,,,,
13117,4.7,,,,,
13119,7.5,,,,,
13121,6.5,,,,,
13123,6.5,,,,,
13125,7.4,,,,,
13127,6.7,,,,,
13129,6.6,,,,,
13131,6.7,,,,,
13133,7.5,,,,,
13135,5.5,,,,,
13137,6,,,,,
13139,5.2,,,,,
13141,10.7,,,,,
13143,6.7,,,,,
13145,5.5,,,,,
13147,7.1,,,,,
13149,6.9,,,,,
13151,6.4,,,,,
13153,6.3,,,,,
13155,9.4,,,,,
13157,5.3,,,,,
13159,5.9,,,,,
13161,7.7,,,,,
13163,9.6,,,,,
13165,9,,,,,
13167,8.5,,,,,
13169,5.8,,,,,
13171,8.3,,,,,
13173,7.4,,,,,
13175,8.9,,,,,
13177,5.6,,,,,
13179,7,,,,,
13181,7.2,,,,,
13183,6.3,,,,,
13185,6.6,,,,,
13187,5.7,,,,,
13189,8.8,,,,,
13191,7.2,,,,,
13193,10.9,,,,,
13195,5.6,,,,,
13197,7.7,,,,,
13199,8.4,,,,,
13201,5.7,,,,,
13205,7.1,,,,,
13207,5.9,,,,,
13209,9.4,,,,,
13211,5.9,,,,,
13213,8.6,,,,,
13215,7.9,,,,,
13217,7.4,,,,,
13219,4.4,,,,,
13221,5.5,,,,,
13223,5.5,,,,,
13225,8.6,,,,,
13227,5.7,,,,,
13229,6.7,,,,,
13231,6.2,,,,,
13233,7,,,,,
13235,6.9,,,,,
13237,8.2,,,,,
13239,7,,,,,
13241,7.3,,,,,
13243,8.3,,,,,
13245,7.7,,,,,
13247,7,,,,,
13249,7.3,,,,,
13251,8.4,,,,,
13253,9.2,,,,,
13255,8.5,,,,,
13257,6.9,,,,,
13259,7.2,,,,,
13261,8.6,,,,,
13263,6.9,,,,,
13265,10.3,,,,,
13267,6.6,,,,,
13269,10.2,,,,,
13271,10.5,,,,,
13273,7.2,,,,,
13275,7.6,,,,,
13277,6.6,,,,,
13279,9.4,,,,,
13281,7.9,,,,,
13283,10.2,,,,,
13285,6.5,,,,,
13287,6.8,,,,,
13289,9.8,,,,,
13291,5.5,,,,,
13293,8.4,,,,,
13295,6.2,,,,,
13297,5.7,,,,,
13299,7.2,,,,,
13301,9.2,,,,,
13303,7.4,,,,,
13305,7.9,,,,,
13307,6.8,,,,,
13309,12.1,,,,,
13311,5.4,,,,,
13313,7.1,,,,,
13315,8.6,,,,,
13317,8.6,,,,,
13319,7.5,,,,,
13321,6.8,,,,,
15001,5.1,,,,,
15003,3.9,,,,,
15007,4.6,,,,,
15009,4.2,,,,,
16001,3.7,,,,,
16003,8.1,,,,,
16005,4.3,,,,,
16007,4.1,,,,,
16009,7,,,,,
16011,4.2,,,,,
16013,4.2,,,,,
16015,5.4,,,,,
16017,6.5,,,,,
16019,3.8,,,,,
16021,5.5,,,,,
16023,4.5,,,,,
16025,4.6,,,,,
16027,5.3,,,,,
16029,4.1,,,,,
16031,4,,,,,
16033,3.6,,,,,
16035,7.6,,,,,
16037,7,,,,,
16039,4.9,,,,,
16041,3.5,,,,,
16043,3.5,,,,,
16045,5.2,,,,,
16047,3.4,,,,,
16049,6.6,,,,,
16051,3.5,,,,,
16053,3.7,,,,,
16055,5.2,,,,,
16057,3.6,,,,,
16059,6.9,,,,,
16061,4.1,,,,,
16063,4.9,,,,,
16065,3,,,,,
16067,4.3,,,,,
16069,3.9,,,,,
16071,4.2,,,,,
16073,3.4,,,,,
16075,4.7,,,,,
16077,4.7,,,,,
16079,8.9,,,,,
16081,4.9,,,,,
16083,4,,,,,
16085,7.1,,,,,
16087,5.7,,,,,
17001,4.9,,,,,
17003,8.9,,,,,
17005,5.7,,,,,
17007,6.5,,,,,
17009,3.6,,,,,
17011,6.4,,,,,
17013,7.5,,,,,
17015,5,,,,,
17017,6.1,,,,,
17019,5.4,,,,,
17021,6.8,,,,,
17023,6.2,,,,,
17025,7.2,,,,,
17027,4.8,,,,,
17029,5.9,,,,,
17031,6.1,,,,,
17033,5.8,,,,,
17035,5.2,,,,,
17037,5.6,,,,,
17039,5.7,,,,,
17041,5.2,,,,,
17043,4.7,,,,,
17045,6.4,,,,,
17047,5.4,,,,,
17049,4.9,,,,,
17051,6.7,,,,,
17053,5,,,,,
17055,8.4,,,,,
17057,7.3,,,,,
17059,7.1,,,,,
17061,6.1,,,,,
17063,6.4,,,,,
17065,5.2,,,,,
17067,5.5,,,,,
17069,7.7,,,,,
17071,5,,,,,
17073,6.1,,,,,
17075,5.3,,,,,
17077,6,,,,,
17079,5.7,,,,,
17081,6.8,,,,,
17083,6.5,,,,,
17085,5.3,,,,,
17087,8.7,,,,,
17089,6,,,,,
17091,6.9,,,,,
17093,5,,,,,
17095,6.2,,,,,
17097,5.6,,,,,
17099,7.1,,,,,
17101,6.4,,,,,
17103,5.5,,,,,
17105,5.3,,,,,
17107,5.7,,,,,
17109,6,,,,,
17111,5.1,,,,,
17113,5,,,,,
17115,7.4,,,,,
17117,6.6,,,,,
17119,6.4,,,,,
17121,7.2,,,,,
17123,6.2,,,,,
17125,7.4,,,,,
17127,7.3,,,,,
17129,5.2,,,,,
17131,5.8,,,,,
17133,4.8,,,,,
17135,8,,,,,
17137,5.5,,,,,
17139,4.6,,,,,
17141,6.4,,,,,
17143,6.8,,,,,
17145,7.6,,,,,
17147,5,,,,,
17149,4.9,,,,,
17151,6.9,,,,,
17153,8.9,,,,,
17155,6.5,,,,,
17157,5.9,,,,,
17159,6.2,,,,,
17161,6.4,,,,,
17163,7.1,,,,,
17165,7.2,,,,,
17167,5.6,,,,,
17169,5.8,,,,,
17171,6,,,,,
17173,6.2,,,,,
17175,6.5,,,,,
17177,6.7,,,,,
17179,6,,,,,
17181,7.6,,,,,
17183,7.3,,,,,
17185,5.2,,,,,
17187,5,,,,,
17189,4.1,,,,,
17191,6.3,,,,,
17193,5.4,,,,,
17195,6.2,,,,,
17197,6,,,,,
17199,6.6,,,,,
17201,7.3,,,,,
17203,5,,,,,
18001,4.7,,,,,
18003,5.6,,,,,
18005,4.4,,,,,
18007,5.2,,,,,
18009,7.2,,,,,
18011,4.5,,,,,
18013,5.8,,,,,
18015,5.1,,,,,
18017,5.8,,,,,
18019,5.3,,,,,
18021,6.5,,,,,
18023,5.2,,,,,
18025,7.1,,,,,
18027,4.7,,,,,
18029,6.1,,,,,
18031,5,,,,,
18033,5.3,,,,,
18035,6.8,,,,,
18037,4.3,,,,,
18039,5.1,,,,,
18041,8,,,,,
18043,5,,,,,
18045,6.9,,,,,
18047,6.3,,,,,
18049,5.9,,,,,
18051,4.6,,,,,
18053,6.8,,,,,
18055,7.4,,,,,
18057,4.3,,,,,
18059,5.2,,,,,
18061,5.5,,,,,
18063,4.8,,,,,
18065,6.7,,,,,
18067,6.3,,,,,
18069,5.5,,,,,
18071,5.1,,,,,
18073,6.7,,,,,
18075,5.7,,,,,
18077,5.9,,,,,
18079,6.5,,,,,
18081,5.1,,,,,
18083,5.4,,,,,
18085,5.2,,,,,
18087,4.7,,,,,
18089,7.8,,,,,
18091,7.4,,,,,
18093,7.3,,,,,
18095,6.8,,,,,
18097,6.3,,,,,
18099,5.5,,,,,
18101,5.4,,,,,
18103,6.7,,,,,
18105,5.7,,,,,
18107,5.6,,,,,
18109,5.5,,,,,
18111,6.5,,,,,
18113,5.2,,,,,
18115,6.2,,,,,
18117,7.3,,,,,
18119,7.3,,,,,
18121,6.8,,,,,
18123,5.9,,,,,
18125,5,,,,,
18127,6.3,,,,,
18129,4.8,,,,,
18131,5.5,,,,,
18133,6.1,,,,,
18135,6.1,,,,,
18137,6.5,,,,,
18139,5.5,,,,,
18141,6.3,,,,,
18143,6.7,,,,,
18145,5.6,,,,,
18147,5.4,,,,,
18149,7.2,,,,,
18151,5,,,,,
18153,7.1,,,,,
18155,5.7,,,,,
18157,5,,,,,
18159,5.3,,,,,
18161,5.7,,,,,
18163,5.3,,,,,
18165,7.8,,,,,
18167,7.4,,,,,
18169,5.6,,,,,
18171,6,,,,,
18173,4.9,,,,,
18175,6.2,,,,,
18177,6.5,,,,,
18179,4.8,,,,,
18181,5.3,,,,,
18183,5.1,,,,,
19001,3.6,,,,,
19003,3.1,,,,,
19005,4.7,,,,,
19007,5.7,,,,,
19009,3.4,,,,,
19011,4.1,,,,,
19013,5.1,,,,,
19015,2.8,,,,,
19017,3.3,,,,,
19019,4.5,,,,,
19021,3.6,,,,,
19023,4.2,,,,,
19025,4.4,,,,,
19027,2.9,,,,,
19029,3.8,,,,,
19031,3.4,,,,,
19033,4.4,,,,,
19035,7.1,,,,,
19037,4.2,,,,,
19039,4.1,,,,,
19041,3.5,,,,,
19043,3.8,,,,,
19045,5,,,,,
19047,3.7,,,,,
19049,2.9,,,,,
19051,4.7,,,,,
19053,3.6,,,,,
19055,3.2,,,,,
19057,4.5,,,,,
19059,4.3,,,,,
19061,3.5,,,,,
19063,3.6,,,,,
19065,4.4,,,,,
19067,3.8,,,,,
19069,3.2,,,,,
19071,3.8,,,,,
19073,3.5,,,,,
19075,3.9,,,,,
19077,3.8,,,,,
19079,4.1,,,,,
19081,2.8,,,,,
19083,3.5,,,,,
19085,3.8,,,,,
19087,3.7,,,,,
19089,3.4,,,,,
19091,3.3,,,,,
19093,3.2,,,,,
19095,3.7,,,,,
19097,4.1,,,,,
19099,4.3,,,,,
19101,4.2,,,,,
19103,2.7,,,,,
19105,3.9,,,,,
19107,3.5,,,,,
19109,2.9,,,,,
19111,5.4,,,,,
19113,4.1,,,,,
19115,3.9,,,,,
19117,3.4,,,,,
19119,2.1,,,,,
19121,3.8,,,,,
19123,4,,,,,
19125,3.3,,,,,
19127,4.8,,,,,
19129,4.2,,,,,
19131,2.9,,,,,
19133,5,,,,,
19135,5.2,,,,,
19137,3.9,,,,,
19139,4.1,,,,,
19141,2.8,,,,,
19143,2.9,,,,,
19145,4,,,,,
19147,3,,,,,
19149,3.6,,,,,
19151,3.2,,,,,
19153,4,,,,,
19155,4,,,,,
19157,3.8,,,,,
19159,3.4,,,,,
19161,3,,,,,
19163,5.2,,,,,
19165,2.8,,,,,
19167,2.3,,,,,
19169,2.4,,,,,
19171,4.5,,,,,
19173,3.2,,,,,
19175,4.4,,,,,
19177,4.3,,,,,
19179,5.3,,,,,
19181,3.6,,,,,
19183,3,,,,,
19185,4.8,,,,,
19187,4.5,,,,,
19189,3.9,,,,,
19191,3.4,,,,,
19193,4.4,,,,,
19195,3.9,,,,,
19197,3.4,,,,,
20001,4,,,,,
20003,4,,,,,
20005,5.1,,,,,
20007,2.4,,,,,
20009,3.1,,,,,
20011,4.5,,,,,
20013,3.7,,,,,
20015,4.1,,,,,
20017,3.3,,,,,
20019,4.4,,,,,
20021,4.2,,,,,
20023,2.6,,,,,
20025,2.3,,,,,
20027,3.5,,,,,
20029,3.6,,,,,
20031,5.1,,,,,
20033,2.5,,,,,
20035,4.6,,,,,
20037,4.6,,,,,
20039,3.1,,,,,
20041,4,,,,,
20043,3.6,,,,,
20045,3.3,,,,,
20047,2.6,,,,,
20049,4.6,,,,,
20051,2.4,,,,,
20053,2.6,,,,,
20055,2.9,,,,,
20057,3.3,,,,,
20059,4.2,,,,,
20061,5.9,,,,,
20063,2.1,,,,,
20065,3.1,,,,,
20067,3.3,,,,,
20069,2.2,,,,,
20071,1.8,,,,,
20073,4.1,,,,,
20075,2.1,,,,,
20077,3.2,,,,,
20079,4,,,,,
20081,2.1,,,,,
20083,2.7,,,,,
20085,3.5,,,,,
20087,4.1,,,,,
20089,4,,,,,
20091,3.3,,,,,
20093,2.5,,,,,
20095,3.1,,,,,
20097,2.8,,,,,
20099,4.8,,,,,
20101,2.7,,,,,
20103,4.3,,,,,
20105,3.3,,,,,
20107,5.9,,,,,
20109,1.9,,,,,
20111,4.3,,,,,
20113,2.9,,,,,
20115,3.8,,,,,
20117,2.8,,,,,
20119,2.2,,,,,
20121,3.9,,,,,
20123,3.1,,,,,
20125,4.9,,,,,
20127,3.9,,,,,
20129,3.6,,,,,
20131,2.4,,,,,
20133,6.2,,,,,
20135,2.6,,,,,
20137,2,,,,,
20139,4.6,,,,,
20141,3.2,,,,,
20143,3.6,,,,,
20145,3.1,,,,,
20147,2.9,,,,,
20149,3.1,,,,,
20151,2.6,,,,,
20153,2.1,,,,,
20155,4,,,,,
20157,2.6,,,,,
20159,3,,,,,
20161,3,,,,,
20163,3.3,,,,,
20165,2.9,,,,,
20167,2.9,,,,,
20169,3.5,,,,,
20171,2.3,,,,,
20173,4.7,,,,,
20175,3.1,,,,,
20177,4.1,,,,,
20179,2.2,,,,,
20181,2.7,,,,,
20183,2.5,,,,,
20185,2.9,,,,,
20187,3.4,,,,,
20189,2.5,,,,,
20191,4.1,,,,,
20193,2.3,,,,,
20195,2.7,,,,,
20197,3.4,,,,,
20199,2.2,,,,,
20201,2.6,,,,,
20203,2.3,,,,,
20205,5.7,,,,,
20207,4.4,,,,,
20209,5.8,,,,,
21001,7.5,,,,,
21003,4.8,,,,,
21005,4.4,,,,,
21007,6.6,,,,,
21009,5.4,,,,,
21011,7.2,,,,,
21013,8.1,,,,,
21015,4.2,,,,,
21017,4.5,,,,,
21019,6.4,,,,,
21021,5.8,,,,,
21023,5.8,,,,,
21025,9.5,,,,,
21027,5.7,,,,,
21029,4.7,,,,,
21031,5.9,,,,,
21033,5.6,,,,,
21035,4.8,,,,,
21037,4.3,,,,,
21039,5.1,,,,,
21041,5.6,,,,,
21043,8.3,,,,,
21045,6.1,,,,,
21047,6.1,,,,,
21049,5,,,,,
21051,9.4,,,,,
21053,7.5,,,,,
21055,5,,,,,
21057,5.7,,,,,
21059,4.6,,,,,
21061,6.7,,,,,
21063,8.8,,,,,
21065,6,,,,,
21067,4,,,,,
21069,6,,,,,
21071,8.2,,,,,
21073,4.4,,,,,
21075,7.1,,,,,
21077,5.5,,,,,
21079,5.2,,,,,
21081,5.3,,,,,
21083,6.3,,,,,
21085,6.7,,,,,
21087,5.2,,,,,
21089,7.1,,,,,
21091,4.8,,,,,
21093,5.2,,,,,
21095,11,,,,,
21097,4.8,,,,,
21099,5.3,,,,,
21101,4.9,,,,,
21103,4.7,,,,,
21105,4.9,,,,,
21107,5.2,,,,,
21109,9,,,,,
21111,4.9,,,,,
21113,4.2,,,,,
21115,7.4,,,,,
21117,4.6,,,,,
21119,8.8,,,,,
21121,8.4,,,,,
21123,5.4,,,,,
21125,6.4,,,,,
21127,8.2,,,,,
21129,7.5,,,,,
21131,9.9,,,,,
21133,10.4,,,,,
21135,7.3,,,,,
21137,7.1,,,,,
21139,7,,,,,
21141,4.8,,,,,
21143,6.4,,,,,
21145,6.1,,,,,
21147,8.6,,,,,
21149,5.1,,,,,
21151,4.3,,,,,
21153,11.1,,,,,
21155,5.1,,,,,
21157,5.8,,,,,
21159,7.3,,,,,
21161,6,,,,,
21163,5.6,,,,,
21165,7.4,,,,,
21167,5.1,,,,,
21169,5.2,,,,,
21171,4.6,,,,,
21173,6.3,,,,,
21175,7.2,,,,,
21177,5.8,,,,,
21179,4.8,,,,,
21181,6.2,,,,,
21183,6.1,,,,,
21185,3.9,,,,,
21187,4,,,,,
21189,8.7,,,,,
21191,5.2,,,,,
21193,8.5,,,,,
21195,8.5,,,,,
21197,7,,,,,
21199,6.1,,,,,
21201,6,,,,,
21203,6.4,,,,,
21205,5.8,,,,,
21207,11.4,,,,,
21209,4,,,,,
21211,4.1,,,,,
21213,4.8,,,,,
21215,4.4,,,,,
21217,5.9,,,,,
21219,4.5,,,,,
21221,5.6,,,,,
21223,6.1,,,,,
21225,5.2,,,,,
21227,4.6,,,,,
21229,4.4,,,,,
21231,7.9,,,,,
21233,4.6,,,,,
21235,7.2,,,,,
21237,9.3,,,,,
21239,3.6,,,,,
22001,6.2,,,,,
22003,7.6,,,,,
22005,5.7,,,,,
22007,8,,,,,
22009,8,,,,,
22011,7.3,,,,,
22013,8,,,,,
22015,6.3,,,,,
22017,7.7,,,,,
22019,6.1,,,,,
22021,8.2,,,,,
22023,5.1,,,,,
22025,8.7,,,,,
22027,8.1,,,,,
22029,8.9,,,,,
22031,8.8,,,,,
22033,6,,,,,
22035,14.7,,,,,
22037,6.7,,,,,
22039,7.2,,,,,
22041,10,,,,,
22043,7.9,,,,,
22045,6.6,,,,,
22047,8,,,,,
22049,6.3,,,,,
22051,6.5,,,,,
22053,6.4,,,,,
22055,5.4,,,,,
22057,5.4,,,,,
22059,5.5,,,,,
22061,7.8,,,,,
22063,5.9,,,,,
22065,11,,,,,
22067,11.5,,,,,
22069,8.1,,,,,
22071,7.4,,,,,
22073,7.3,,,,,
22075,6.4,,,,,
22077,7.2,,,,,
22079,7,,,,,
22081,8.1,,,,,
22083,8.6,,,,,
22085,7.2,,,,,
22087,7.3,,,,,
22089,6.4,,,,,
22091,9.7,,,,,
22093,8.9,,,,,
22095,7.9,,,,,
22097,8,,,,,
22099,6.1,,,,,
22101,6.9,,,,,
22103,6.1,,,,,
22105,7.7,,,,,
22107,9.7,,,,,
22109,5.4,,,,,
22111,8.2,,,,,
22113,6.2,,,,,
22115,9.2,,,,,
22117,8.4,,,,,
22119,9.1,,,,,
22121,6.4,,,,,
22123,13.8,,,,,
22125,6.2,,,,,
22127,8.4,,,,,
23001,4.9,,,,,
23003,6.9,,,,,
23005,4.1,,,,,
23007,6.2,,,,,
23009,7.1,,,,,
23011,5,,,,,
23013,4.9,,,,,
23015,5.8,,,,,
23017,6.6,,,,,
23019,5.7,,,,,
23021,7.2,,,,,
23023,4.2,,,,,
23025,7.5,,,,,
23027,5.6,,,,,
23029,7.3,,,,,
23031,4.9,,,,,
24001,6.5,,,,,
24003,4.8,,,,,
24005,5.7,,,,,
24009,4.7,,,,,
24011,5.9,,,,,
24013,4.4,,,,,
24015,5.8,,,,,
24017,5.1,,,,,
24019,8.3,,,,,
24021,4.7,,,,,
24023,6.3,,,,,
24025,5.2,,,,,
24027,4.1,,,,,
24029,6.1,,,,,
24031,4.1,,,,,
24033,5.3,,,,,
24035,4.8,,,,,
24037,4.9,,,,,
24039,9.1,,,,,
24041,5.4,,,,,
24043,6,,,,,
24045,7.6,,,,,
24047,13,,,,,
24510,8.1,,,,,
25001,6.4,,,,,
25003,5.6,,,,,
25005,6.1,,,,,
25007,8.2,,,,,
25009,5.2,,,,,
25011,4.5,,,,,
25013,6.8,,,,,
25015,4.4,,,,,
25017,4.1,,,,,
25019,6.2,,,,,
25021,4.4,,,,,
25023,5.2,,,,,
25025,4.7,,,,,
25027,5.3,,,,,
26001,8,,,,,
26003,9.1,,,,,
26005,4,,,,,
26007,5.8,,,,,
26009,8,,,,,
26011,8.5,,,,,
26013,8.1,,,,,
26015,4.1,,,,,
26017,5.2,,,,,
26019,6.6,,,,,
26021,5.2,,,,,
26023,5.1,,,,,
26025,4.9,,,,,
26027,5,,,,,
26029,6.2,,,,,
26031,10.1,,,,,
26033,7.4,,,,,
26035,7.6,,,,,
26037,3.7,,,,,
26039,7.7,,,,,
26041,6.5,,,,,
26043,5.2,,,,,
26045,4.2,,,,,
26047,7.6,,,,,
26049,5.9,,,,,
26051,7,,,,,
26053,6.9,,,,,
26055,4.4,,,,,
26057,5.1,,,,,
26059,5.4,,,,,
26061,5.6,,,,,
26063,4.9,,,,,
26065,4.4,,,,,
26067,4.6,,,,,
26069,7.1,,,,,
26071,7,,,,,
26073,4.4,,,,,
26075,5.2,,,,,
26077,4.3,,,,,
26079,7.2,,,,,
26081,3.7,,,,,
26083,9.6,,,,,
26085,8.7,,,,,
26087,7.7,,,,,
26089,4.9,,,,,
26091,4.8,,,,,
26093,5.4,,,,,
26095,7.4,,,,,
26097,11.8,,,,,
26099,6.6,,,,,
26101,6.4,,,,,
26103,5.2,,,,,
26105,5.7,,,,,
26107,5.8,,,,,
26109,5.2,,,,,
26111,4.6,,,,,
26113,5.6,,,,,
26115,4.4,,,,,
26117,5.6,,,,,
26119,10.2,,,,,
26121,5.7,,,,,
26123,5.4,,,,,
26125,5.6,,,,,
26127,7.7,,,,,
26129,7.2,,,,,
26131,9.3,,,,,
26133,6.4,,,,,
26135,10,,,,,
26137,6.6,,,,,
26139,3.7,,,,,
26141,9.4,,,,,
26143,8.6,,,,,
26145,5.5,,,,,
26147,7.7,,,,,
26149,4.4,,,,,
26151,5.9,,,,,
26153,8.1,,,,,
26155,5.4,,,,,
26157,6.1,,,,,
26159,6.1,,,,,
26161,3.6,,,,,
26163,8.2,,,,,
26165,6.6,,,,,
27001,5.4,,,,,
27003,3.2,,,,,
27005,3.8,,,,,
27007,4.2,,,,,
27009,4.1,,,,,
27011,3.4,,,,,
27013,2.4,,,,,
27015,3.2,,,,,
27017,4.1,,,,,
27019,2.7,,,,,
27021,6.3,,,,,
27023,3.1,,,,,
27025,3.6,,,,,
27027,2.1,,,,,
27029,8.4,,,,,
27031,5,,,,,
27033,3.3,,,,,
27035,5.3,,,,,
27037,2.8,,,,,
27039,2.8,,,,,
27041,3.1,,,,,
27043,3.8,,,,,
27045,3.5,,,,,
27047,3.6,,,,,
27049,2.9,,,,,
27051,3.4,,,,,
27053,2.9,,,,,
27055,3.1,,,,,
27057,5.7,,,,,
27059,4,,,,,
27061,5.7,,,,,
27063,3.1,,,,,
27065,6.5,,,,,
27067,3.2,,,,,
27069,3.5,,,,,
27071,7.7,,,,,
27073,3.6,,,,,
27075,3.8,,,,,
27077,4.8,,,,,
27079,4.1,,,,,
27081,3,,,,,
27083,2.7,,,,,
27085,3.3,,,,,
27087,4.2,,,,,
27089,5.1,,,,,
27091,3.6,,,,,
27093,3.7,,,,,
27095,5.5,,,,,
27097,5.4,,,,,
27099,2.8,,,,,
27101,3.6,,,,,
27103,2,,,,,
27105,2.4,,,,,
27107,3.7,,,,,
27109,2.6,,,,,
27111,3.5,,,,,
27113,2.8,,,,,
27115,5,,,,,
27117,2.3,,,,,
27119,3.1,,,,,
27121,3,,,,,
27123,3.1,,,,,
27125,3.5,,,,,
27127,3,,,,,
27129,3.8,,,,,
27131,2.9,,,,,
27133,1.8,,,,,
27135,2.4,,,,,
27137,4,,,,,
27139,2.7,,,,,
27141,3.5,,,,,
27143,3.2,,,,,
27145,3.2,,,,,
27147,2.7,,,,,
27149,2.2,,,,,
27151,3.6,,,,,
27153,3.8,,,,,
27155,4,,,,,
27157,2.8,,,,,
27159,5.1,,,,,
27161,3.8,,,,,
27163,2.8,,,,,
27165,3.8,,,,,
27167,2.4,,,,,
27169,2.5,,,,,
27171,3.3,,,,,
27173,3.2,,,,,
28001,7.3,,,,,
28003,5.8,,,,,
28005,7.1,,,,,
28007,8.3,,,,,
28009,8.2,,,,,
28011,8.3,,,,,
28013,6.7,,,,,
28015,8.3,,,,,
28017,9,,,,,
28019,7.4,,,,,
28021,12.6,,,,,
28023,8.2,,,,,
28025,11.7,,,,,
28027,10.5,,,,,
28029,7.5,,,,,
28031,5.6,,,,,
28033,4.6,,,,,
28035,6.4,,,,,
28037,7,,,,,
28039,7.5,,,,,
28041,7.8,,,,,
28043,6.5,,,,,
28045,6.7,,,,,
28047,6.3,,,,,
28049,6.1,,,,,
28051,12.7,,,,,
28053,13.9,,,,,
28055,15.3,,,,,
28057,6.3,,,,,
28059,7.4,,,,,
28061,7.4,,,,,
28063,13.4,,,,,
28065,8.7,,,,,
28067,5.4,,,,,
28069,11.6,,,,,
28071,4.8,,,,,
28073,4.5,,,,,
28075,7.1,,,,,
28077,7.2,,,,,
28079,6.1,,,,,
28081,6.7,,,,,
28083,11.5,,,,,
28085,5.9,,,,,
28087,8,,,,,
28089,4.5,,,,,
28091,7.4,,,,,
28093,7.3,,,,,
28095,9.2,,,,,
28097,7.9,,,,,
28099,6,,,,,
28101,5.7,,,,,
28103,11.4,,,,,
28105,5.9,,,,,
28107,9.8,,,,,
28109,6,,,,,
28111,8,,,,,
28113,7.1,,,,,
28115,6.2,,,,,
28117,6.4,,,,,
28119,10.7,,,,,
28121,4.1,,,,,
28123,4.6,,,,,
28125,8.9,,,,,
28127,5.5,,,,,
28129,5.2,,,,,
28131,7.6,,,,,
28133,11.4,,,,,
28135,7.7,,,,,
28137,7.6,,,,,
28139,7.6,,,,,
28141,6.9,,,,,
28143,10.8,,,,,
28145,5.5,,,,,
28147,8.3,,,,,
28149,6.9,,,,,
28151,11.4,,,,,
28153,7.8,,,,,
28155,7.7,,,,,
28157,9.6,,,,,
28159,9.2,,,,,
28161,7.8,,,,,
28163,8.5,,,,,
29001,4.9,,,,,
29003,4,,,,,
29005,3.7,,,,,
29007,4.3,,,,,
29009,5.3,,,,,
29011,5.1,,,,,
29013,5.5,,,,,
29015,6.6,,,,,
29017,5.3,,,,,
29019,3.4,,,,,
29021,4.7,,,,,
29023,6.2,,,,,
29025,4.4,,,,,
29027,4.4,,,,,
29029,6.8,,,,,
29031,4.3,,,,,
29033,6.1,,,,,
29035,7.2,,,,,
29037,4.8,,,,,
29039,4.9,,,,,
29041,4.7,,,,,
29043,4,,,,,
29045,5.2,,,,,
29047,4.4,,,,,
29049,4.5,,,,,
29051,4,,,,,
29053,5,,,,,
29055,6.4,,,,,
29057,4.8,,,,,
29059,6.7,,,,,
29061,4.7,,,,,
29063,4.6,,,,,
29065,5.7,,,,,
29067,6.3,,,,,
29069,7.2,,,,,
29071,5.1,,,,,
29073,3.9,,,,,
29075,4.1,,,,,
29077,4.1,,,,,
29079,3.9,,,,,
29081,4.6,,,,,
29083,5.5,,,,,
29085,7,,,,,
29087,3.7,,,,,
29089,4.3,,,,,
29091,5.9,,,,,
29093,7.7,,,,,
29095,6.1,,,,,
29097,4.4,,,,,
29099,5.2,,,,,
29101,5.3,,,,,
29103,3.4,,,,,
29105,6.7,,,,,
29107,4.8,,,,,
29109,4.7,,,,,
29111,4.2,,,,,
29113,5.3,,,,,
29115,6.8,,,,,
29117,4.1,,,,,
29119,4.6,,,,,
29121,5.1,,,,,
29123,5.1,,,,,
29125,4.9,,,,,
29127,4.3,,,,,
29129,4,,,,,
29131,6.2,,,,,
29133,6.2,,,,,
29135,4.7,,,,,
29137,5.4,,,,,
29139,5,,,,,
29141,6.9,,,,,
29143,6.3,,,,,
29145,4.4,,,,,
29147,4.9,,,,,
29149,5.9,,,,,
29151,3.6,,,,,
29153,7.5,,,,,
29155,7.4,,,,,
29157,4.3,,,,,
29159,5.1,,,,,
29161,5.3,,,,,
29163,4.4,,,,,
29165,4.3,,,,,
29167,5,,,,,
29169,6.2,,,,,
29171,4,,,,,
29173,4,,,,,
29175,5.5,,,,,
29177,5.2,,,,,
29179,7.4,,,,,
29181,6.9,,,,,
29183,4,,,,,
29185,6,,,,,
29186,5,,,,,
29187,6.2,,,,,
29189,4.9,,,,,
29195,4.4,,,,,
29197,5.1,,,,,
29199,3.7,,,,,
29201,5.5,,,,,
29203,8.2,,,,,
29205,4.4,,,,,
29207,6.3,,,,,
29209,6.3,,,,,
29211,5.7,,,,,
29213,6.2,,,,,
29215,7.1,,,,,
29217,4.5,,,,,
29219,5.1,,,,,
29221,6.5,,,,,
29223,6.4,,,,,
29225,4.8,,,,,
29227,3.5,,,,,
29229,5.6,,,,,
29510,6.5,,,,,
30001,3.4,,,,,
30003,8.1,,,,,
30005,5.1,,,,,
30007,4.8,,,,,
30009,3.7,,,,,
30011,3,,,,,
30013,4.3,,,,,
30015,2.9,,,,,
30017,3.2,,,,,
30019,3.7,,,,,
30021,2.2,,,,,
30023,4.4,,,,,
30025,1.6,,,,,
30027,4.6,,,,,
30029,6.5,,,,,
30031,3.9,,,,,
30033,2.3,,,,,
30035,12,,,,,
30037,4.9,,,,,
30039,7,,,,,
30041,5,,,,,
30043,4.3,,,,,
30045,3.6,,,,,
30047,5.5,,,,,
30049,3.6,,,,,
30051,2.7,,,,,
30053,10.5,,,,,
30055,2.5,,,,,
30057,4.9,,,,,
30059,4.1,,,,,
30061,8.9,,,,,
30063,4.2,,,,,
30065,3.6,,,,,
30067,6.9,,,,,
30069,4,,,,,
30071,4.3,,,,,
30073,4.5,,,,,
30075,2.4,,,,,
30077,4.8,,,,,
30079,3.6,,,,,
30081,5.9,,,,,
30083,1.8,,,,,
30085,4.7,,,,,
30087,5.2,,,,,
30089,8.6,,,,,
30091,2.3,,,,,
30093,4.6,,,,,
30095,3.9,,,,,
30097,3.2,,,,,
30099,3.8,,,,,
30101,3,,,,,
30103,4.2,,,,,
30105,2.5,,,,,
30107,3.8,,,,,
30109,2.6,,,,,
30111,3.5,,,,,
31001,2.6,,,,,
31003,2.1,,,,,
31005,5.1,,,,,
31007,2.9,,,,,
31009,4.2,,,,,
31011,2.1,,,,,
31013,2.7,,,,,
31015,2.4,,,,,
31017,2.3,,,,,
31019,2.1,,,,,
31021,4.3,,,,,
31023,2.5,,,,,
31025,3,,,,,
31027,1.9,,,,,
31029,1.4,,,,,
31031,2.3,,,,,
31033,1.8,,,,,
31035,2.4,,,,,
31037,2.3,,,,,
31039,2.2,,,,,
31041,2.2,,,,,
31043,4.6,,,,,
31045,2.3,,,,,
31047,2.9,,,,,
31049,2.5,,,,,
31051,2.9,,,,,
31053,2.9,,,,,
31055,3.1,,,,,
31057,1.9,,,,,
31059,1.7,,,,,
31061,2.6,,,,,
31063,1.9,,,,,
31065,2.1,,,,,
31067,3.8,,,,,
31069,2.2,,,,,
31071,2.7,,,,,
31073,2.6,,,,,
31075,1.5,,,,,
31077,2.7,,,,,
31079,3.1,,,,,
31081,2.4,,,,,
31083,2.1,,,,,
31085,2.5,,,,,
31087,2.9,,,,,
31089,2,,,,,
31091,4.8,,,,,
31093,2.7,,,,,
31095,2.5,,,,,
31097,3,,,,,
31099,1.9,,,,,
31101,2.4,,,,,
31103,2,,,,,
31105,1.9,,,,,
31107,2.2,,,,,
31109,2.3,,,,,
31111,2.6,,,,,
31113,2.8,,,,,
31115,2.9,,,,,
31117,2.9,,,,,
31119,2.2,,,,,
31121,3,,,,,
31123,2.7,,,,,
31125,2.5,,,,,
31127,3.3,,,,,
31129,2.6,,,,,
31131,2.9,,,,,
31133,2.5,,,,,
31135,1.7,,,,,
31137,2.3,,,,,
31139,2.3,,,,,
31141,2.5,,,,,
31143,2.7,,,,,
31145,2,,,,,
31147,3.6,,,,,
31149,2,,,,,
31151,2.6,,,,,
31153,2.6,,,,,
31155,2.9,,,,,
31157,3.3,,,,,
31159,2.2,,,,,
31161,2.6,,,,,
31163,2.8,,,,,
31165,2.9,,,,,
31167,2.1,,,,,
31169,2.1,,,,,
31171,3.4,,,,,
31173,6,,,,,
31175,2.1,,,,,
31177,2.5,,,,,
31179,2,,,,,
31181,3.1,,,,,
31183,2.3,,,,,
31185,2.6,,,,,
32001,6.5,,,,,
32003,7,,,,,
32005,7.3,,,,,
32007,4.7,,,,,
32009,4.6,,,,,
32011,5.6,,,,,
32013,5.2,,,,,
32015,6.1,,,,,
32017,6.4,,,,,
32019,9.1,,,,,
32021,10.5,,,,,
32023,8.7,,,,,
32027,6.4,,,,,
32029,7.6,,,,,
32031,6.5,,,,,
32033,5.4,,,,,
32510,7.5,,,,,
33001,3.8,,,,,
33003,4.1,,,,,
33005,3.7,,,,,
33007,5.4,,,,,
33009,3.2,,,,,
33011,4,,,,,
33013,3.4,,,,,
33015,4.3,,,,,
33017,3.4,,,,,
33019,3.3,,,,,
34001,10.6,,,,,
34003,4.7,,,,,
34005,5.6,,,,,
34007,6.7,,,,,
34009,13.9,,,,,
34011,8.7,,,,,
34013,7,,,,,
34015,6.3,,,,,
34017,5.8,,,,,
34019,4.1,,,,,
34021,5,,,,,
34023,5.2,,,,,
34025,5.3,,,,,
34027,4.2,,,,,
34029,6.4,,,,,
34031,7.1,,,,,
34033,7.5,,,,,
34035,4.5,,,,,
34037,5.3,,,,,
34039,6,,,,,
34041,5.3,,,,,
35001,5.5,,,,,
35003,7.1,,,,,
35005,5.5,,,,,
35006,7.3,,,,,
35007,6.2,,,,,
35009,4.6,,,,,
35011,4.8,,,,,
35013,6.4,,,,,
35015,3.8,,,,,
35017,6.2,,,,,
35019,7.6,,,,,
35021,5.3,,,,,
35023,6.2,,,,,
35025,3.9,,,,,
35027,5.9,,,,,
35028,3.8,,,,,
35029,18.2,,,,,
35031,9,,,,,
35033,10.6,,,,,
35035,5.9,,,,,
35037,6,,,,,
35039,7.4,,,,,
35041,4.8,,,,,
35043,6.3,,,,,
35045,5.4,,,,,
35047,7,,,,,
35049,4.9,,,,,
35051,7.8,,,,,
35053,6.6,,,,,
35055,9.1,,,,,
35057,8.8,,,,,
35059,4.8,,,,,
35061,6.9,,,,,
36001,4.4,,,,,
36003,5.6,,,,,
36005,9,,,,,
36007,5.9,,,,,
36009,6.1,,,,,
36011,5.2,,,,,
36013,6.3,,,,,
36015,5.6,,,,,
36017,5.7,,,,,
36019,5.9,,,,,
36021,4.1,,,,,
36023,5.8,,,,,
36025,6,,,,,
36027,4.7,,,,,
36029,5.5,,,,,
36031,6.5,,,,,
36033,6.7,,,,,
36035,6.7,,,,,
36037,5.1,,,,,
36039,6.1,,,,,
36041,8.7,,,,,
36043,6.3,,,,,
36045,7.1,,,,,
36047,6.9,,,,,
36049,7,,,,,
36051,5.2,,,,,
36053,5.7,,,,,
36055,5.2,,,,,
36057,6.5,,,,,
36059,4.3,,,,,
36061,5.5,,,,,
36063,6.3,,,,,
36065,5.5,,,,,
36067,5,,,,,
36069,4.8,,,,,
36071,4.9,,,,,
36073,6.8,,,,,
36075,7.3,,,,,
36077,5.3,,,,,
36079,4.4,,,,,
36081,5.8,,,,,
36083,4.7,,,,,
36085,6.6,,,,,
36087,4.7,,,,,
36089,6.9,,,,,
36091,4.1,,,,,
36093,4.8,,,,,
36095,5.5,,,,,
36097,6.7,,,,,
36099,5.1,,,,,
36101,6.4,,,,,
36103,4.8,,,,,
36105,6.1,,,,,
36107,5.3,,,,,
36109,3.9,,,,,
36111,5.1,,,,,
36113,6.3,,,,,
36115,5.4,,,,,
36117,5.4,,,,,
36119,4.7,,,,,
36121,6,,,,,
36123,5.3,,,,,
37001,4.9,,,,,
37003,4.6,,,,,
37005,5.9,,,,,
37007,6.1,,,,,
37009,5.6,,,,,
37011,5.6,,,,,
37013,6.3,,,,,
37015,6.7,,,,,
37017,7.9,,,,,
37019,6.8,,,,,
37021,3.9,,,,,
37023,5.4,,,,,
37025,4.9,,,,,
37027,6.2,,,,,
37029,5.5,,,,,
37031,5.5,,,,,
37033,5.8,,,,,
37035,5.4,,,,,
37037,4.1,,,,,
37039,6.2,,,,,
37041,6.8,,,,,
37043,5.4,,,,,
37045,6.3,,,,,
37047,7.2,,,,,
37049,5.9,,,,,
37051,6.9,,,,,
37053,5.7,,,,,
37055,7.4,,,,,
37057,5.4,,,,,
37059,4.8,,,,,
37061,5.4,,,,,
37063,4.5,,,,,
37065,9.1,,,,,
37067,5.1,,,,,
37069,5.3,,,,,
37071,5.7,,,,,
37073,5.2,,,,,
37075,12.8,,,,,
37077,4.9,,,,,
37079,5.2,,,,,
37081,5.6,,,,,
37083,8.6,,,,,
37085,6.4,,,,,
37087,4.7,,,,,
37089,4.2,,,,,
37091,6.2,,,,,
37093,7,,,,,
37095,8,,,,,
37097,5.2,,,,,
37099,5.3,,,,,
37101,4.8,,,,,
37103,5.5,,,,,
37105,7.4,,,,,
37107,6.4,,,,,
37109,5.1,,,,,
37111,5.5,,,,,
37113,5.5,,,,,
37115,4.9,,,,,
37117,6.5,,,,,
37119,5.2,,,,,
37121,6.3,,,,,
37123,5.5,,,,,
37125,5.2,,,,,
37127,6.7,,,,,
37129,5,,,,,
37131,6.8,,,,,
37133,5.4,,,,,
37135,4,,,,,
37137,5.7,,,,,
37139,7.3,,,,,
37141,5.8,,,,,
37143,7,,,,,
37145,6.3,,,,,
37147,5.5,,,,,
37149,4.5,,,,,
37151,5.3,,,,,
37153,7.6,,,,,
37155,8,,,,,
37157,6.2,,,,,
37159,5.8,,,,,
37161,7.3,,,,,
37163,5.2,,,,,
37165,10.4,,,,,
37167,5.1,,,,,
37169,5,,,,,
37171,5.2,,,,,
37173,7.5,,,,,
37175,5.1,,,,,
37177,8.3,,,,,
37179,4.4,,,,,
37181,8.4,,,,,
37183,4.2,,,,,
37185,7.9,,,,,
37187,8.1,,,,,
37189,4.4,,,,,
37191,5.7,,,,,
37193,5.4,,,,,
37195,8,,,,,
37197,4.5,,,,,
37199,5.5,,,,,
38001,3.1,,,,,
38003,2.6,,,,,
38005,6,,,,,
38007,2.7,,,,,
38009,3.2,,,,,
38011,1.5,,,,,
38013,2.9,,,,,
38015,2.4,,,,,
38017,2.2,,,,,
38019,3.1,,,,,
38021,2,,,,,
38023,1.4,,,,,
38025,1.2,,,,,
38027,4.3,,,,,
38029,5.4,,,,,
38031,2.8,,,,,
38033,2.1,,,,,
38035,2.5,,,,,
38037,2.9,,,,,
38039,2.5,,,,,
38041,1.8,,,,,
38043,3.3,,,,,
38045,2.2,,,,,
38047,3.2,,,,,
38049,3.5,,,,,
38051,3,,,,,
38053,1.2,,,,,
38055,3.9,,,,,
38057,4.2,,,,,
38059,3.1,,,,,
38061,1.2,,,,,
38063,2.8,,,,,
38065,5.7,,,,,
38067,4.8,,,,,
38069,3.4,,,,,
38071,3.3,,,,,
38073,2.6,,,,,
38075,2.3,,,,,
38077,2.9,,,,,
38079,8.7,,,,,
38081,1.9,,,,,
38083,5.1,,,,,
38085,4.3,,,,,
38087,2.3,,,,,
38089,1.6,,,,,
38091,2.4,,,,,
38093,2.4,,,,,
38095,3.9,,,,,
38097,2.5,,,,,
38099,4.2,,,,,
38101,2.4,,,,,
38103,3.4,,,,,
38105,1.1,,,,,
39001,7.2,,,,,
39003,4.8,,,,,
39005,5,,,,,
39007,5.8,,,,,
39009,6,,,,,
39011,3.7,,,,,
39013,5.5,,,,,
39015,6.1,,,,,
39017,4.6,,,,,
39019,5,,,,,
39021,4.2,,,,,
39023,4.8,,,,,
39025,4.5,,,,,
39027,6.3,,,,,
39029,5.3,,,,,
39031,5.9,,,,,
39033,5.4,,,,,
39035,5.6,,,,,
39037,4.1,,,,,
39039,4.4,,,,,
39041,3.5,,,,,
39043,5.5,,,,,
39045,4.2,,,,,
39047,4.7,,,,,
39049,4.1,,,,,
39051,4.7,,,,,
39053,6.4,,,,,
39055,4.4,,,,,
39057,4.5,,,,,
39059,5.8,,,,,
39061,4.6,,,,,
39063,3.6,,,,,
39065,4.5,,,,,
39067,5.2,,,,,
39069,4.8,,,,,
39071,6.4,,,,,
39073,5.2,,,,,
39075,3.4,,,,,
39077,6.8,,,,,
39079,7.1,,,,,
39081,6.8,,,,,
39083,4.4,,,,,
39085,4.8,,,,,
39087,5.7,,,,,
39089,4.3,,,,,
39091,4.2,,,,,
39093,5.6,,,,,
39095,5.4,,,,,
39097,4,,,,,
39099,5.5,,,,,
39101,5.3,,,,,
39103,4.4,,,,,
39105,7.7,,,,,
39107,3.2,,,,,
39109,4.4,,,,,
39111,8.8,,,,,
39113,5.1,,,,,
39115,6.5,,,,,
39117,4.8,,,,,
39119,5.7,,,,,
39121,6.5,,,,,
39123,7.1,,,,,
39125,4.5,,,,,
39127,5.7,,,,,
39129,4.7,,,,,
39131,7.3,,,,,
39133,4.9,,,,,
39135,4.8,,,,,
39137,3.7,,,,,
39139,5.6,,,,,
39141,5.3,,,,,
39143,4.7,,,,,
39145,7.1,,,,,
39147,4.8,,,,,
39149,4.4,,,,,
39151,4.9,,,,,
39153,5,,,,,
39155,5.9,,,,,
39157,4.7,,,,,
39159,3.9,,,,,
39161,4.2,,,,,
39163,6.6,,,,,
39165,4.2,,,,,
39167,5.3,,,,,
39169,3.9,,,,,
39171,4.4,,,,,
39173,4.4,,,,,
39175,3.5,,,,,
40001,6.3,,,,,
40003,2.3,,,,,
40005,5.7,,,,,
40007,2.4,,,,,
40009,2.6,,,,,
40011,3.3,,,,,
40013,4.5,,,,,
40015,4.9,,,,,
40017,3.1,,,,,
40019,4,,,,,
40021,5.2,,,,,
40023,7.8,,,,,
40025,2.6,,,,,
40027,3.2,,,,,
40029,6.2,,,,,
40031,4.3,,,,,
40033,3.7,,,,,
40035,5,,,,,
40037,4.5,,,,,
40039,2.7,,,,,
40041,5.1,,,,,
40043,2.7,,,,,
40045,2.7,,,,,
40047,3.2,,,,,
40049,3.8,,,,,
40051,3.5,,,,,
40053,2.6,,,,,
40055,4,,,,,
40057,3.5,,,,,
40059,2.5,,,,,
40061,6.3,,,,,
40063,6.4,,,,,
40065,3.8,,,,,
40067,4.3,,,,,
40069,6.3,,,,,
40071,5.1,,,,,
40073,2.7,,,,,
40075,3.7,,,,,
40077,6.6,,,,,
40079,6.2,,,,,
40081,4,,,,,
40083,3.4,,,,,
40085,3.1,,,,,
40087,3.2,,,,,
40089,7.5,,,,,
40091,8.6,,,,,
40093,2.1,,,,,
40095,4.2,,,,,
40097,4.3,,,,,
40099,3.8,,,,,
40101,5.3,,,,,
40103,3.1,,,,,
40105,5.6,,,,,
40107,5.3,,,,,
40109,3.7,,,,,
40111,6.4,,,,,
40113,4.9,,,,,
40115,6.2,,,,,
40117,5.2,,,,,
40119,3.1,,,,,
40121,5.4,,,,,
40123,3.7,,,,,
40125,4.2,,,,,
40127,7.1,,,,,
40129,2.5,,,,,
40131,3.8,,,,,
40133,6.1,,,,,
40135,6.4,,,,,
40137,3.9,,,,,
40139,3.2,,,,,
40141,4.1,,,,,
40143,3.8,,,,,
40145,3.8,,,,,
40147,3.9,,,,,
40149,3.1,,,,,
40151,2.2,,,,,
40153,2.6,,,,,
41001,7.7,,,,,
41003,4.8,,,,,
41005,5.9,,,,,
41007,6.5,,,,,
41009,8.2,,,,,
41011,8.8,,,,,
41013,9.1,,,,,
41015,10,,,,,
41017,7.3,,,,,
41019,8.8,,,,,
41021,6.9,,,,,
41023,9.9,,,,,
41025,8.6,,,,,
41027,5.3,,,,,
41029,7.6,,,,,
41031,8.7,,,,,
41033,9,,,,,
41035,9.1,,,,,
41037,9.2,,,,,
41039,6.7,,,,,
41041,8.1,,,,,
41043,7.8,,,,,
41045,7.4,,,,,
41047,7.1,,,,,
41049,6.7,,,,,
41051,5.7,,,,,
41053,6.4,,,,,
41055,7.3,,,,,
41057,6.9,,,,,
41059,7.6,,,,,
41061,6.9,,,,,
41063,9.1,,,,,
41065,7.2,,,,,
41067,5.3,,,,,
41069,5.9,,,,,
41071,6.1,,,,,
42001,3.7,,,,,
42003,4.5,,,,,
42005,5.4,,,,,
42007,5.4,,,,,
42009,5.5,,,,,
42011,4.6,,,,,
42013,4.7,,,,,
42015,4.4,,,,,
42017,4.4,,,,,
42019,4.1,,,,,
42021,5.8,,,,,
42023,5.9,,,,,
42025,5.8,,,,,
42027,3.4,,,,,
42029,3.5,,,,,
42031,5.1,,,,,
42033,5.9,,,,,
42035,5.7,,,,,
42037,4.9,,,,,
42039,4.7,,,,,
42041,3.7,,,,,
42043,4.4,,,,,
42045,4.7,,,,,
42047,4.4,,,,,
42049,5,,,,,
42051,6.5,,,,,
42053,7.1,,,,,
42055,4.4,,,,,
42057,5.5,,,,,
42059,4.3,,,,,
42061,6.3,,,,,
42063,4.9,,,,,
42065,5.3,,,,,
42067,4.5,,,,,
42069,5.3,,,,,
42071,3.8,,,,,
42073,5.3,,,,,
42075,4.1,,,,,
42077,5.1,,,,,
42079,6,,,,,
42081,5.1,,,,,
42083,5.4,,,,,
42085,5,,,,,
42087,5.1,,,,,
42089,6.3,,,,,
42091,3.9,,,,,
42093,4,,,,,
42095,5,,,,,
42097,5.7,,,,,
42099,4.3,,,,,
42101,6.8,,,,,
42103,6.2,,,,,
42105,6,,,,,
42107,5.7,,,,,
42109,4.3,,,,,
42111,6,,,,,
42113,4.8,,,,,
42115,4.9,,,,,
42117,5.5,,,,,
42119,3.9,,,,,
42121,4.9,,,,,
42123,4.5,,,,,
42125,4.8,,,,,
42127,5.5,,,,,
42129,4.7,,,,,
42131,5.3,,,,,
42133,4.5,,,,,
44001,5.4,,,,,
44003,6,,,,,
44005,5.6,,,,,
44007,6.9,,,,,
44009,5.9,,,,,
45001,7.6,,,,,
45003,6.4,,,,,
45005,12,,,,,
45007,5.9,,,,,
45009,12.1,,,,,
45011,9.2,,,,,
45013,5.8,,,,,
45015,6.1,,,,,
45017,7.9,,,,,
45019,5.2,,,,,
45021,8.9,,,,,
45023,9,,,,,
45025,6.6,,,,,
45027,8.3,,,,,
45029,7.1,,,,,
45031,7.7,,,,,
45033,9.4,,,,,
45035,5.9,,,,,
45037,6.7,,,,,
45039,8,,,,,
45041,7.2,,,,,
45043,8.2,,,,,
45045,5.4,,,,,
45047,7,,,,,
45049,7.9,,,,,
45051,7.5,,,,,
45053,5.7,,,,,
45055,6.2,,,,,
45057,6.8,,,,,
45059,7,,,,,
45061,8.8,,,,,
45063,5.2,,,,,
45065,7.5,,,,,
45067,10.6,,,,,
45069,10.2,,,,,
45071,5.6,,,,,
45073,6.2,,,,,
45075,12.2,,,,,
45077,6.2,,,,,
45079,6.1,,,,,
45081,5.6,,,,,
45083,6.2,,,,,
45085,7.2,,,,,
45087,8.1,,,,,
45089,9.5,,,,,
45091,6.2,,,,,
46003,2.5,,,,,
46005,2.8,,,,,
46007,5.2,,,,,
46009,2.7,,,,,
46011,2.8,,,,,
46013,2.7,,,,,
46015,3.3,,,,,
46017,8.1,,,,,
46019,3.8,,,,,
46021,3.8,,,,,
46023,3.8,,,,,
46025,3.9,,,,,
46027,2.9,,,,,
46029,3.2,,,,,
46031,4.8,,,,,
46033,4.7,,,,,
46035,2.6,,,,,
46037,4.4,,,,,
46039,4.8,,,,,
46041,11.7,,,,,
46043,2.9,,,,,
46045,2.7,,,,,
46047,4.7,,,,,
46049,3,,,,,
46051,3.2,,,,,
46053,3.2,,,,,
46055,2.9,,,,,
46057,3.4,,,,,
46059,2.6,,,,,
46061,3.3,,,,,
46063,2.5,,,,,
46065,2.6,,,,,
46067,2.8,,,,,
46069,3.2,,,,,
46071,5.5,,,,,
46073,2.6,,,,,
46075,3.7,,,,,
46077,2.7,,,,,
46079,3.3,,,,,
46081,3.3,,,,,
46083,2.4,,,,,
46085,3.9,,,,,
46087,2.2,,,,,
46089,4.3,,,,,
46091,3.7,,,,,
46093,3.4,,,,,
46095,5.2,,,,,
46097,2.7,,,,,
46099,2.7,,,,,
46101,3.4,,,,,
46103,3.4,,,,,
46105,3.9,,,,,
46107,3.7,,,,,
46109,3.9,,,,,
46111,2.7,,,,,
46113,12.2,,,,,
46115,3.3,,,,,
46117,2.5,,,,,
46119,2.9,,,,,
46121,8.3,,,,,
46123,3.2,,,,,
46125,2.5,,,,,
46127,3.4,,,,,
46129,5,,,,,
46135,2.9,,,,,
46137,4.8,,,,,
47001,6.5,,,,,
47003,7,,,,,
47005,8.6,,,,,
47007,8,,,,,
47009,5.7,,,,,
47011,5.9,,,,,
47013,8.6,,,,,
47015,5.9,,,,,
47017,10.1,,,,,
47019,7,,,,,
47021,5.5,,,,,
47023,6.7,,,,,
47025,8,,,,,
47027,9.4,,,,,
47029,8.4,,,,,
47031,6,,,,,
47033,7.3,,,,,
47035,7.8,,,,,
47037,4.9,,,,,
47039,9.7,,,,,
47041,7.7,,,,,
47043,5.7,,,,,
47045,7.8,,,,,
47047,7.3,,,,,
47049,7.6,,,,,
47051,5.7,,,,,
47053,8.6,,,,,
47055,5.7,,,,,
47057,7.7,,,,,
47059,7.4,,,,,
47061,8.8,,,,,
47063,7,,,,,
47065,6,,,,,
47067,9.6,,,,,
47069,9.1,,,,,
47071,8.2,,,,,
47073,6.9,,,,,
47075,9.4,,,,,
47077,8.4,,,,,
47079,7.9,,,,,
47081,6.2,,,,,
47083,9.1,,,,,
47085,7.2,,,,,
47087,8.2,,,,,
47089,6.9,,,,,
47091,6.5,,,,,
47093,5.2,,,,,
47095,9.6,,,,,
47097,9.5,,,,,
47099,7.9,,,,,
47101,8.4,,,,,
47103,5,,,,,
47105,6.3,,,,,
47107,7.2,,,,,
47109,9.2,,,,,
47111,6,,,,,
47113,6.7,,,,,
47115,7.4,,,,,
47117,6.2,,,,,
47119,5.8,,,,,
47121,8.3,,,,,
47123,7,,,,,
47125,6.5,,,,,
47127,4.8,,,,,
47129,8.1,,,,,
47131,9.3,,,,,
47133,7.3,,,,,
47135,7.7,,,,,
47137,9.4,,,,,
47139,7.5,,,,,
47141,6.5,,,,,
47143,8.1,,,,,
47145,7,,,,,
47147,5.5,,,,,
47149,5,,,,,
47151,11.1,,,,,
47153,7.1,,,,,
47155,6.3,,,,,
47157,7.7,,,,,
47159,5.8,,,,,
47161,8.4,,,,,
47163,6.3,,,,,
47165,5.1,,,,,
47167,8.2,,,,,
47169,6.4,,,,,
47171,8.3,,,,,
47173,7.2,,,,,
47175,9.1,,,,,
47177,6.3,,,,,
47179,6,,,,,
47181,8.2,,,,,
47183,7.8,,,,,
47185,7,,,,,
47187,4.4,,,,,
47189,5,,,,,
48001,4.2,,,,,
48003,2.6,,,,,
48005,4.7,,,,,
48007,5,,,,,
48009,4.2,,,,,
48011,3,,,,,
48013,4.2,,,,,
48015,4,,,,,
48017,4.3,,,,,
48019,4.1,,,,,
48021,4.2,,,,,
48023,3.7,,,,,
48025,5.3,,,,,
48027,5.3,,,,,
48029,4.1,,,,,
48031,3.2,,,,,
48033,2.3,,,,,
48035,4.5,,,,,
48037,5.5,,,,,
48039,4.5,,,,,
48041,3.3,,,,,
48043,4.1,,,,,
48045,3.9,,,,,
48047,6.7,,,,,
48049,4.4,,,,,
48051,3.9,,,,,
48053,3.8,,,,,
48055,4.4,,,,,
48057,4.1,,,,,
48059,3.8,,,,,
48061,7.4,,,,,
48063,5.4,,,,,
48065,2.9,,,,,
48067,7,,,,,
48069,3.7,,,,,
48071,4.9,,,,,
48073,5.3,,,,,
48075,3.5,,,,,
48077,3.9,,,,,
48079,3.9,,,,,
48081,3.6,,,,,
48083,5.2,,,,,
48085,3.9,,,,,
48087,3.7,,,,,
48089,3.9,,,,,
48091,3.9,,,,,
48093,4.3,,,,,
48095,2.9,,,,,
48097,3.2,,,,,
48099,5.4,,,,,
48101,7.5,,,,,
48103,3.6,,,,,
48105,3.3,,,,,
48107,4.1,,,,,
48109,3.5,,,,,
48111,2.7,,,,,
48113,4.7,,,,,
48115,4.2,,,,,
48117,3.2,,,,,
48119,5.4,,,,,
48121,3.8,,,,,
48123,3.4,,,,,
48125,5.4,,,,,
48127,3.1,,,,,
48129,4.1,,,,,
48131,5.1,,,,,
48133,4.3,,,,,
48135,2.9,,,,,
48137,4.1,,,,,
48139,4.2,,,,,
48141,5.8,,,,,
48143,3.7,,,,,
48145,5,,,,,
48147,4.8,,,,,
48149,3.1,,,,,
48151,3.9,,,,,
48153,5.7,,,,,
48155,4.3,,,,,
48157,4,,,,,
48159,4.5,,,,,
48161,5,,,,,
48163,3.1,,,,,
48165,2.8,,,,,
48167,5,,,,,
48169,2.9,,,,,
48171,3.2,,,,,
48173,2.5,,,,,
48175,3.5,,,,,
48177,3.5,,,,,
48179,3.5,,,,,
48181,4.2,,,,,
48183,4.1,,,,,
48185,4.2,,,,,
48187,3.8,,,,,
48189,7.3,,,,,
48191,5.2,,,,,
48193,4.2,,,,,
48195,2.2,,,,,
48197,4.5,,,,,
48199,5.4,,,,,
48201,4.3,,,,,
48203,4.7,,,,,
48205,2.5,,,,,
48207,3.7,,,,,
48209,3.8,,,,,
48211,2.2,,,,,
48213,4.9,,,,,
48215,7.7,,,,,
48217,4.4,,,,,
48219,3.3,,,,,
48221,4.3,,,,,
48223,4.2,,,,,
48225,4.7,,,,,
48227,3.8,,,,,
48229,5.5,,,,,
48231,5.2,,,,,
48233,3.8,,,,,
48235,3.1,,,,,
48237,3.1,,,,,
48239,3.3,,,,,
48241,7.2,,,,,
48243,3.3,,,,,
48245,7.1,,,,,
48247,5.1,,,,,
48249,4.6,,,,,
48251,4.3,,,,,
48253,4.8,,,,,
48255,3.2,,,,,
48257,4.4,,,,,
48259,3.6,,,,,
48261,2,,,,,
48263,2.2,,,,,
48265,3.9,,,,,
48267,3.3,,,,,
48269,3.3,,,,,
48271,5.9,,,,,
48273,4.8,,,,,
48275,3.6,,,,,
48277,5.4,,,,,
48279,4.8,,,,,
48281,4.7,,,,,
48283,2.6,,,,,
48285,3.4,,,,,
48287,3.4,,,,,
48289,4.7,,,,,
48291,5.9,,,,,
48293,4.9,,,,,
48295,3.4,,,,,
48297,3.1,,,,,
48299,4.5,,,,,
48301,5,,,,,
48303,3.4,,,,,
48305,3.7,,,,,
48307,3.6,,,,,
48309,4.4,,,,,
48311,1.8,,,,,
48313,4.3,,,,,
48315,5.7,,,,,
48317,3,,,,,
48319,4,,,,,
48321,6.7,,,,,
48323,9,,,,,
48325,4.2,,,,,
48327,4.5,,,,,
48329,2.4,,,,,
48331,5.8,,,,,
48333,3.8,,,,,
48335,3.9,,,,,
48337,3.4,,,,,
48339,3.8,,,,,
48341,3.1,,,,,
48343,7,,,,,
48345,4.2,,,,,
48347,4.6,,,,,
48349,4.3,,,,,
48351,7,,,,,
48353,3.8,,,,,
48355,4.6,,,,,
48357,2.6,,,,,
48359,3.2,,,,,
48361,6.8,,,,,
48363,4.5,,,,,
48365,4.2,,,,,
48367,4,,,,,
48369,2.7,,,,,
48371,3.8,,,,,
48373,5.9,,,,,
48375,3.5,,,,,
48377,9.7,,,,,
48379,4.5,,,,,
48381,3,,,,,
48383,2.6,,,,,
48385,5.7,,,,,
48387,6.5,,,,,
48389,3.5,,,,,
48391,4.1,,,,,
48393,3.4,,,,,
48395,4.5,,,,,
48397,3.9,,,,,
48399,3.6,,,,,
48401,4.2,,,,,
48403,9.8,,,,,
48405,9.1,,,,,
48407,5,,,,,
48409,6.1,,,,,
48411,3.9,,,,,
48413,2.9,,,,,
48415,2.8,,,,,
48417,2.3,,,,,
48419,5,,,,,
48421,2.9,,,,,
48423,4.6,,,,,
48425,5,,,,,
48427,12.4,,,,,
48429,3.8,,,,,
48431,2.5,,,,,
48433,3.6,,,,,
48435,3.2,,,,,
48437,5.1,,,,,
48439,4.4,,,,,
48441,3.6,,,,,
48443,3.4,,,,,
48445,3.8,,,,,
48447,3.7,,,,,
48449,5.5,,,,,
48451,3.5,,,,,
48453,3.6,,,,,
48455,5.2,,,,,
48457,7.2,,,,,
48459,4.4,,,,,
48461,2.7,,,,,
48463,5.1,,,,,
48465,5,,,,,
48467,4.5,,,,,
48469,3.5,,,,,
48471,4.7,,,,,
48473,4.4,,,,,
48475,3,,,,,
48477,3.9,,,,,
48479,4.3,,,,,
48481,4,,,,,
48483,3,,,,,
48485,4.3,,,,,
48487,4.5,,,,,
48489,10.7,,,,,
48491,3.9,,,,,
48493,3.7,,,,,
48495,3.6,,,,,
48497,4.1,,,,,
48499,5.3,,,,,
48501,2.7,,,,,
48503,3.7,,,,,
48505,4.4,,,,,
48507,10.5,,,,,
49001,3.7,,,,,
49003,3.2,,,,,
49005,2.6,,,,,
49007,4.2,,,,,
49009,4.8,,,,,
49011,3,,,,,
49013,2.9,,,,,
49015,4.4,,,,,
49017,9.6,,,,,
49019,6.1,,,,,
49021,4.1,,,,,
49023,3,,,,,
49025,3.9,,,,,
49027,3.3,,,,,
49029,2.7,,,,,
49031,6,,,,,
49033,3.7,,,,,
49035,3.1,,,,,
49037,7,,,,,
49039,3.5,,,,,
49041,3.7,,,,,
49043,3.3,,,,,
49045,3.8,,,,,
49047,2.9,,,,,
49049,2.7,,,,,
49051,3.1,,,,,
49053,3.7,,,,,
49055,9.4,,,,,
49057,3.6,,,,,
50001,3.6,,,,,
50003,4.9,,,,,
50005,4.6,,,,,
50007,3,,,,,
50009,7,,,,,
50011,3.9,,,,,
50013,4.9,,,,,
50015,5.2,,,,,
50017,3.6,,,,,
50019,5.7,,,,,
50021,4.6,,,,,
50023,3.8,,,,,
50025,4.3,,,,,
50027,3.7,,,,,
51001,6,,,,,
51003,3.8,,,,,
51005,5.5,,,,,
51007,4.7,,,,,
51009,4.7,,,,,
51011,5.1,,,,,
51013,2.9,,,,,
51015,4.2,,,,,
51017,4,,,,,
51019,4.5,,,,,
51021,5.7,,,,,
51023,4.2,,,,,
51025,7.3,,,,,
51027,9.2,,,,,
51029,5.8,,,,,
51031,4.8,,,,,
51033,5.5,,,,,
51035,5.7,,,,,
51036,5.6,,,,,
51037,6,,,,,
51041,4.5,,,,,
51043,4,,,,,
51045,5.8,,,,,
51047,4.3,,,,,
51049,5.5,,,,,
51051,9.4,,,,,
51053,5.7,,,,,
51057,5.8,,,,,
51059,3.6,,,,,
51061,4,,,,,
51063,4,,,,,
51065,3.6,,,,,
51067,4.8,,,,,
51069,4.1,,,,,
51071,5.3,,,,,
51073,4.3,,,,,
51075,4.2,,,,,
51077,6.5,,,,,
51079,3.9,,,,,
51081,6,,,,,
51083,6.8,,,,,
51085,4,,,,,
51087,4.5,,,,,
51089,6.7,,,,,
51091,3.6,,,,,
51093,4.9,,,,,
51095,4.4,,,,,
51097,5.3,,,,,
51099,4.8,,,,,
51101,4.6,,,,,
51103,6.2,,,,,
51105,7.4,,,,,
51107,3.7,,,,,
51109,4.5,,,,,
51111,5.5,,,,,
51113,3.5,,,,,
51115,4.3,,,,,
51117,6.9,,,,,
51119,4.6,,,,,
51121,4.2,,,,,
51125,4,,,,,
51127,4,,,,,
51131,6.7,,,,,
51133,5.6,,,,,
51135,4.9,,,,,
51137,4.8,,,,,
51139,7.1,,,,,
51141,5.8,,,,,
51143,5.7,,,,,
51145,4.1,,,,,
51147,6.7,,,,,
51149,5.6,,,,,
51153,4.3,,,,,
51155,5.1,,,,,
51157,4.2,,,,,
51159,5,,,,,
51161,4,,,,,
51163,5.1,,,,,
51165,4.1,,,,,
51167,7.4,,,,,
51169,5.4,,,,,
51171,4.3,,,,,
51173,7,,,,,
51175,4.6,,,,,
51177,4.8,,,,,
51179,4.7,,,,,
51181,5.2,,,,,
51183,6.9,,,,,
51185,7.4,,,,,
51187,4.9,,,,,
51191,5,,,,,
51193,5.8,,,,,
51195,8.5,,,,,
51197,6.1,,,,,
51199,4.5,,,,,
51510,3.5,,,,,
51520,5.6,,,,,
51530,4.8,,,,,
51540,3.7,,,,,
51550,4.7,,,,,
51570,5.1,,,,,
51580,7,,,,,
51590,7.5,,,,,
51595,7.5,,,,,
51600,3.6,,,,,
51610,3.1,,,,,
51620,6.9,,,,,
51630,5.3,,,,,
51640,6,,,,,
51650,6.1,,,,,
51660,4.9,,,,,
51670,8.2,,,,,
51678,6.7,,,,,
51680,5.4,,,,,
51683,4.3,,,,,
51685,3.9,,,,,
51690,9.1,,,,,
51700,5.8,,,,,
51710,5.8,,,,,
51720,6.8,,,,,
51730,9.5,,,,,
51735,4.1,,,,,
51740,6.6,,,,,
51750,5.4,,,,,
51760,5.4,,,,,
51770,5.2,,,,,
51775,4.4,,,,,
51790,4.6,,,,,
51800,5.3,,,,,
51810,4.5,,,,,
51820,4.8,,,,,
51830,5.8,,,,,
51840,4.4,,,,,
53001,8.6,,,,,
53003,5.4,,,,,
53005,7.7,,,,,
53007,6.7,,,,,
53009,9,,,,,
53011,7.3,,,,,
53013,7.7,,,,,
53015,8.2,,,,,
53017,7.5,,,,,
53019,10.8,,,,,
53021,8.8,,,,,
53023,6.6,,,,,
53025,8,,,,,
53027,10.6,,,,,
53029,7,,,,,
53031,8.6,,,,,
53033,4.5,,,,,
53035,6.2,,,,,
53037,6.8,,,,,
53039,8.1,,,,,
53041,9.4,,,,,
53043,6.5,,,,,
53045,8.4,,,,,
53047,8.6,,,,,
53049,10.4,,,,,
53051,9.5,,,,,
53053,7.2,,,,,
53055,5.7,,,,,
53057,7.3,,,,,
53059,8.5,,,,,
53061,5,,,,,
53063,7,,,,,
53065,9.1,,,,,
53067,6.6,,,,,
53069,10.3,,,,,
53071,5.9,,,,,
53073,6.4,,,,,
53075,4.7,,,,,
53077,9.4,,,,,
54001,5.4,,,,,
54003,4.5,,,,,
54005,8.3,,,,,
54007,7.8,,,,,
54009,6.1,,,,,
54011,4.6,,,,,
54013,8.7,,,,,
54015,9.5,,,,,
54017,4,,,,,
54019,7.8,,,,,
54021,5.2,,,,,
54023,6.4,,,,,
54025,5.9,,,,,
54027,4.6,,,,,
54029,6.6,,,,,
54031,6.1,,,,,
54033,4.4,,,,,
54035,5.8,,,,,
54037,3.7,,,,,
54039,5.2,,,,,
54041,4.9,,,,,
54043,8.1,,,,,
54045,9.4,,,,,
54047,11.9,,,,,
54049,4.9,,,,,
54051,6.7,,,,,
54053,7.9,,,,,
54055,6.3,,,,,
54057,6.1,,,,,
54059,10.4,,,,,
54061,3.5,,,,,
54063,4.8,,,,,
54065,4.9,,,,,
54067,7.6,,,,,
54069,4.5,,,,,
54071,4,,,,,
54073,5.8,,,,,
54075,9.6,,,,,
54077,4.7,,,,,
54079,4.9,,,,,
54081,6.6,,,,,
54083,6.3,,,,,
54085,5.2,,,,,
54087,8.6,,,,,
54089,6.2,,,,,
54091,4.5,,,,,
54093,5.6,,,,,
54095,7.4,,,,,
54097,5.4,,,,,
54099,5.8,,,,,
54101,7.1,,,,,
54103,8.7,,,,,
54105,8.4,,,,,
54107,5.1,,,,,
54109,8.2,,,,,
55001,7.5,,,,,
55003,6.6,,,,,
55005,4.9,,,,,
55007,8.8,,,,,
55009,4.1,,,,,
55011,4.7,,,,,
55013,7.2,,,,,
55015,3.6,,,,,
55017,4.4,,,,,
55019,4.2,,,,,
55021,4.6,,,,,
55023,5.6,,,,,
55025,3.2,,,,,
55027,4.8,,,,,
55029,7.5,,,,,
55031,5,,,,,
55033,4.1,,,,,
55035,3.8,,,,,
55037,7.3,,,,,
55039,4.1,,,,,
55041,7.2,,,,,
55043,3.8,,,,,
55045,3.5,,,,,
55047,5.6,,,,,
55049,4.1,,,,,
55051,8.4,,,,,
55053,5,,,,,
55055,4.4,,,,,
55057,5.6,,,,,
55059,5.3,,,,,
55061,4,,,,,
55063,3.7,,,,,
55065,3.5,,,,,
55067,6.3,,,,,
55069,5.2,,,,,
55071,5.4,,,,,
55073,4.2,,,,,
55075,5.9,,,,,
55077,6.6,,,,,
55078,10.8,,,,,
55079,6.3,,,,,
55081,4.5,,,,,
55083,5.2,,,,,
55085,6.2,,,,,
55087,4.1,,,,,
55089,3.8,,,,,
55091,3.7,,,,,
55093,3.8,,,,,
55095,5.1,,,,,
55097,4.5,,,,,
55099,4.4,,,,,
55101,5.8,,,,,
55103,4.2,,,,,
55105,5.2,,,,,
55107,5.9,,,,,
55109,3.9,,,,,
55111,4.4,,,,,
55113,8.2,,,,,
55115,5,,,,,
55117,3.9,,,,,
55119,4.1,,,,,
55121,3.8,,,,,
55123,4,,,,,
55125,8,,,,,
55127,4.8,,,,,
55129,5.5,,,,,
55131,4,,,,,
55133,3.9,,,,,
55135,5,,,,,
55137,6.4,,,,,
55139,4.5,,,,,
55141,4.9,,,,,
56001,3.5,,,,,
56003,4.4,,,,,
56005,3.5,,,,,
56007,4.2,,,,,
56009,3.2,,,,,
56011,3.7,,,,,
56013,5.2,,,,,
56015,3.4,,,,,
56017,4.1,,,,,
56019,4.5,,,,,
56021,4.7,,,,,
56023,5.3,,,,,
56025,4.2,,,,,
56027,3.3,,,,,
56029,5.2,,,,,
56031,3.8,,,,,
56033,4.8,,,,,
56035,4.5,,,,,
56037,4,,,,,
56039,8.3,,,,,
56041,4.6,,,,,
56043,4.5,,,,,
56045,3.5,,,,,